ticker,nome,mercato,benchmark,data_prezzo,prezzo,var_1g,sma50,sma200,dist_sma200,sopra_sma200,sma200_in_salita,golden_cross,rsi14,ret_ytd,max_52s,min_52s,dist_max_52s,dist_min_52s,vol_1a,max_drawdown_1a,ret_1m,ret_3m,ret_6m,ret_12m,forza_rel_6m,forza_rel_12m
LDO.MI,Leonardo,IT,FTSEMIB.MI,2026-10-08,46.02,0.0003,52.6751,53.8876,-0.146,False,True,False,29.0378,-0.0525,63.4912,44.432,-0.2752,0.0357,0.3788,-0.2754,-0.054,-0.1003,-0.1904,-0.1605,-0.2151,-0.2771
FCT.MI,Fincantieri,IT,FTSEMIB.MI,2026-10-08,11.82,-0.0121,12.5053,13.3397,-0.1139,False,False,False,43.4864,-0.2922,25.86,9.806,-0.5429,0.2054,0.4297,-0.6208,-0.026,0.0137,-0.1363,-0.5609,-0.1627,-0.6219
RACE.MI,Ferrari,IT,FTSEMIB.MI,2026-10-08,344.45,-0.002,354.468,315.7395,0.0909,True,True,True,43.513,0.0931,371.1,270.7175,-0.0718,0.2724,0.3124,-0.2576,-0.0045,0.0503,0.1409,-0.0159,0.1061,-0.1526
STMMI.MI,STMicroelectronics,IT,FTSEMIB.MI,2026-10-08,48.825,-0.0211,45.4551,42.2928,0.1545,True,True,True,56.8737,1.1871,69.2063,18.6021,-0.2945,1.6247,0.5538,-0.3978,0.099,-0.2051,0.4082,0.9994,0.3652,0.7217
PRY.MI,Prysmian,IT,FTSEMIB.MI,2026-10-08,121.9,-0.0193,124.04,119.9731,0.0161,True,True,True,45.7337,0.4217,156.9,80.2022,-0.2231,0.5199,0.4147,-0.269,-0.0398,-0.0859,0.0066,0.3673,-0.0241,0.1774
ENEL.MI,Enel,IT,FTSEMIB.MI,2026-10-08,8.8495,0.0142,9.2255,9.3356,-0.0521,False,True,False,46.4067,0.0487,10.044,7.9147,-0.1189,0.1181,0.2059,-0.137,-0.0051,-0.1112,-0.0809,0.1265,-0.109,-0.0299
ENI.MI,Eni,IT,FTSEMIB.MI,2026-10-08,24.935,0.0289,23.6202,21.3073,0.1703,True,True,True,63.8098,0.5983,24.935,13.9798,0.0,0.7837,0.275,-0.1837,0.053,0.1697,0.0863,0.705,0.0531,0.4682
ISP.MI,Intesa Sanpaolo,IT,FTSEMIB.MI,2026-10-08,6.133,-0.0178,6.7124,5.9398,0.0325,True,True,True,30.3662,0.0713,6.917,4.8015,-0.1133,0.2773,0.24,-0.1896,-0.0786,-0.0304,0.1003,0.1911,0.0667,0.0256
UCG.MI,UniCredit,IT,FTSEMIB.MI,2026-10-08,76.18,-0.0198,83.3118,74.3091,0.0252,True,True,True,33.2514,0.1005,86.15,58.2011,-0.1157,0.3089,0.3127,-0.2417,-0.0955,-0.0774,0.1093,0.2575,0.0754,0.0829
STLAM.MI,Stellantis,IT,FTSEMIB.MI,2026-10-08,3.9685,-0.0378,4.4626,6.0389,-0.3428,False,False,False,39.1823,-0.5805,10.414,3.8485,-0.6189,0.0312,0.4973,-0.6304,-0.1311,-0.195,-0.4271,-0.5701,-0.4446,-0.6298
MONC.MI,Moncler,IT,FTSEMIB.MI,2026-10-08,43.36,0.0037,46.2978,50.1745,-0.1358,False,False,False,40.1352,-0.1876,56.9108,43.2,-0.2381,0.0037,0.3193,-0.2409,-0.0399,-0.1431,-0.1849,-0.1224,-0.2098,-0.2443
NVDA,Nvidia,US,^GSPC,2026-10-08,234.16,-0.0139,221.3248,201.6172,0.1614,True,True,True,59.3196,0.2585,239.24,164.7933,-0.0212,0.4209,0.3771,-0.2021,0.0481,0.1112,0.2761,0.2685,0.1198,0.0951
AVGO,Broadcom,US,^GSPC,2026-10-08,367.72,-0.0233,372.0516,367.0337,0.0019,True,False,True,53.5628,0.0683,479.9351,292.4139,-0.2338,0.2575,0.4682,-0.2944,0.011,-0.079,0.0396,0.1012,-0.0877,-0.0493
INTC,Intel,US,^GSPC,2026-10-08,109.8,-0.0293,102.8636,82.7047,0.3276,True,True,True,48.6812,1.9756,140.94,33.62,-0.2209,2.2659,0.7704,-0.419,0.0335,-0.0004,0.779,1.954,0.5611,1.5503
AMD,AMD,US,^GSPC,2026-10-08,635.01,-0.0168,526.7534,383.425,0.6562,True,True,True,66.3115,1.9651,649.42,190.95,-0.0222,2.3255,0.6895,-0.2776,0.2186,0.1382,1.6834,2.0023,1.3547,1.592
TSM,TSMC (ADR),US,^GSPC,2026-10-08,468.775,-0.0073,430.9464,389.3152,0.2041,True,True,True,62.1011,0.5547,485.8,272.1794,-0.035,0.7223,0.4003,-0.2155,0.0796,0.0827,0.289,0.6112,0.1311,0.391
MSFT,Microsoft,US,^GSPC,2026-10-08,530.315,0.001,498.6462,432.4771,0.2262,True,True,True,68.4685,0.1035,537.6464,352.167,-0.0136,0.5059,0.3265,-0.345,0.0786,0.3797,0.4272,0.0204,0.2524,-0.119
AAPL,Apple,US,^GSPC,2026-10-08,336.93,0.0008,322.2168,290.0528,0.1616,True,True,True,57.962,0.2427,341.07,244.3673,-0.0121,0.3788,0.2464,-0.138,0.0685,0.0695,0.2958,0.3185,0.137,0.1383
GOOGL,Alphabet,US,^GSPC,2026-10-08,352.82,0.0066,345.8651,339.4786,0.0393,True,True,True,57.6207,0.1294,402.1212,235.9563,-0.1226,0.4953,0.3161,-0.2105,0.067,-0.0116,0.1092,0.4394,-0.0267,0.2427
AMZN,Amazon,US,^GSPC,2026-10-08,258.405,-0.0058,258.6439,242.0033,0.0678,True,True,True,56.2678,0.1195,284.02,198.79,-0.0902,0.2999,0.344,-0.2174,0.0238,0.0533,0.1059,0.1651,-0.0295,0.0059
META,Meta Platforms,US,^GSPC,2026-10-08,720.69,-0.0009,635.7945,628.8855,0.146,True,True,True,57.4931,0.0946,777.59,524.819,-0.0732,0.3732,0.4183,-0.2994,0.1034,0.0778,0.1489,0.0141,0.0081,-0.1245
FTSEMIB.MI,INDICE,IDX,,2026-10-08,49693.3086,-0.0056,52259.5862,49073.2215,0.0126,True,True,True,34.3636,0.1056,53717.0,41758.0,-0.0749,0.19,0.1616,-0.0967,-0.0421,-0.059,0.0315,0.1613,,
^GSPC,INDICE,IDX,,2026-10-08,7777.4302,-0.0031,7689.6818,7246.0241,0.0733,True,True,True,57.499,0.1361,7818.9302,6343.7202,-0.0053,0.226,0.1301,-0.091,0.0185,0.0267,0.1396,0.1583,,
^NDX,INDICE,IDX,,2026-10-08,30971.6836,-0.006,29724.1198,27599.945,0.1222,True,True,True,63.7953,0.2266,31224.4707,22953.3809,-0.0081,0.3493,0.199,-0.1212,0.0527,0.0384,0.2348,0.2468,,
